gid,config
3,default
4,default
11,default
13,default
14,default
15,default
17,default
18,default
19,default
20,default
25,default
26,default
27,default
28,default
29,default
30,default
31,default
32,default
33,default
36,default
38,default
39,default
40,default
43,default
44,default
45,default
46,default
48,default
49,default
52,default
53,default
54,default
55,default
59,default
60,default
63,default
64,default
65,default
67,default
68,default
69,default
71,default
73,default
74,default
77,default
78,default
81,default
82,default
83,default
87,default
90,default
92,default
94,default
96,default
97,default
98,default
99,default
