latitude,longitude,country,state,county,timezone,elevation,offshore,gid,config
41.96364,-71.79364,United States,Rhode Island,Providence,-5,202,0,2360580,default
41.98138,-71.786194,United States,Rhode Island,Providence,-5,178,0,2360581,default
41.999134,-71.77875,United States,Rhode Island,Providence,-5,174,0,2360582,default
41.904865,-71.792114,United States,Rhode Island,Providence,-5,195,0,2361498,default
41.922607,-71.78467,United States,Rhode Island,Providence,-5,201,0,2361499,default
41.940353,-71.77722,United States,Rhode Island,Providence,-5,170,0,2361500,default
41.958103,-71.769775,United States,Rhode Island,Providence,-5,187,0,2361501,default
41.97585,-71.76233,United States,Rhode Island,Providence,-5,208,0,2361502,default
41.993584,-71.75485,United States,Rhode Island,Providence,-5,180,0,2361503,default
41.846085,-71.79059,United States,Rhode Island,Providence,-5,220,0,2362417,default
41.86383,-71.78314,United States,Rhode Island,Providence,-5,226,0,2362418,default
41.881584,-71.775696,United States,Rhode Island,Providence,-5,197,0,2362419,default
41.89933,-71.76825,United States,Rhode Island,Providence,-5,230,0,2362420,default
41.917072,-71.7608,United States,Rhode Island,Providence,-5,229,0,2362421,default
41.934803,-71.75336,United States,Rhode Island,Providence,-5,194,0,2362422,default
41.95256,-71.74591,United States,Rhode Island,Providence,-5,206,0,2362423,default
41.9703,-71.738464,United States,Rhode Island,Providence,-5,183,0,2362424,default
41.988045,-71.73099,United States,Rhode Island,Providence,-5,143,0,2362425,default
42.005795,-71.72351,United States,Rhode Island,Providence,-5,194,0,2362426,default
41.787315,-71.78903,United States,Rhode Island,Providence,-5,183,0,2363336,default
41.805073,-71.78162,United States,Rhode Island,Providence,-5,157,0,2363337,default
41.822807,-71.77417,United States,Rhode Island,Providence,-5,197,0,2363338,default
41.84055,-71.766754,United States,Rhode Island,Providence,-5,204,0,2363339,default
41.85829,-71.75931,United States,Rhode Island,Providence,-5,225,0,2363340,default
41.876038,-71.75186,United States,Rhode Island,Providence,-5,210,0,2363341,default
41.893776,-71.744415,United States,Rhode Island,Providence,-5,224,0,2363342,default
41.911522,-71.73697,United States,Rhode Island,Providence,-5,206,0,2363343,default
41.92927,-71.72949,United States,Rhode Island,Providence,-5,234,0,2363344,default
41.947006,-71.722046,United States,Rhode Island,Providence,-5,203,0,2363345,default
41.964752,-71.7146,United States,Rhode Island,Providence,-5,163,0,2363346,default
41.982494,-71.70712,United States,Rhode Island,Providence,-5,162,0,2363347,default
42.000237,-71.699646,United States,Rhode Island,Providence,-5,135,0,2363348,default
41.728554,-71.787506,United States,Rhode Island,Providence,-5,172,0,2364254,default
41.746304,-71.78009,United States,Rhode Island,Providence,-5,171,0,2364255,default
41.764046,-71.772675,United States,Rhode Island,Providence,-5,176,0,2364256,default
41.781784,-71.76526,United States,Rhode Island,Providence,-5,172,0,2364257,default
41.79953,-71.75781,United States,Rhode Island,Providence,-5,195,0,2364258,default
41.817265,-71.75037,United States,Rhode Island,Providence,-5,193,0,2364259,default
41.83501,-71.74292,United States,Rhode Island,Providence,-5,181,0,2364260,default
41.85274,-71.73547,United States,Rhode Island,Providence,-5,168,0,2364261,default
41.87049,-71.72803,United States,Rhode Island,Providence,-5,212,0,2364262,default
41.88823,-71.72058,United States,Rhode Island,Providence,-5,199,0,2364263,default
41.905975,-71.713135,United States,Rhode Island,Providence,-5,200,0,2364264,default
41.92371,-71.70566,United States,Rhode Island,Providence,-5,164,0,2364265,default
41.941456,-71.69818,United States,Rhode Island,Providence,-5,172,0,2364266,default
41.959194,-71.690735,United States,Rhode Island,Providence,-5,149,0,2364267,default
41.976936,-71.68326,United States,Rhode Island,Providence,-5,131,0,2364268,default
41.99467,-71.67578,United States,Rhode Island,Providence,-5,112,0,2364269,default
41.669796,-71.78598,United States,Rhode Island,Kent,-5,117,0,2365170,default
41.687542,-71.778564,United States,Rhode Island,Kent,-5,133,0,2365171,default
41.70528,-71.77118,United States,Rhode Island,Kent,-5,115,0,2365172,default
41.723022,-71.76373,United States,Rhode Island,Kent,-5,145,0,2365173,default
41.74076,-71.75632,United States,Rhode Island,Providence,-5,150,0,2365174,default
41.758503,-71.7489,United States,Rhode Island,Providence,-5,154,0,2365175,default
41.77624,-71.741455,United States,Rhode Island,Providence,-5,166,0,2365176,default
41.79398,-71.73401,United States,Rhode Island,Providence,-5,203,0,2365177,default
41.81172,-71.72656,United States,Rhode Island,Providence,-5,161,0,2365178,default
41.82946,-71.71912,United States,Rhode Island,Providence,-5,151,0,2365179,default
41.847202,-71.71167,United States,Rhode Island,Providence,-5,123,0,2365180,default
41.86494,-71.70422,United States,Rhode Island,Providence,-5,173,0,2365181,default
41.88268,-71.69675,United States,Rhode Island,Providence,-5,170,0,2365182,default
41.900425,-71.6893,United States,Rhode Island,Providence,-5,150,0,2365183,default
41.91816,-71.68182,United States,Rhode Island,Providence,-5,147,0,2365184,default
41.9359,-71.67435,United States,Rhode Island,Providence,-5,161,0,2365185,default
41.953636,-71.66687,United States,Rhode Island,Providence,-5,149,0,2365186,default
41.97137,-71.65939,United States,Rhode Island,Providence,-5,127,0,2365187,default
41.98911,-71.65192,United States,Rhode Island,Providence,-5,129,0,2365188,default
42.00685,-71.64441,United States,Rhode Island,Providence,-5,133,0,2365189,default
41.61104,-71.784485,United States,Rhode Island,Kent,-5,151,0,2366085,default
41.62879,-71.77707,United States,Rhode Island,Kent,-5,132,0,2366086,default
41.64652,-71.76965,United States,Rhode Island,Kent,-5,118,0,2366087,default
41.664257,-71.76224,United States,Rhode Island,Kent,-5,117,0,2366088,default
41.682,-71.75482,United States,Rhode Island,Kent,-5,144,0,2366089,default
41.699738,-71.747406,United States,Rhode Island,Kent,-5,160,0,2366090,default
41.717472,-71.73999,United States,Rhode Island,Kent,-5,142,0,2366091,default
41.735214,-71.732544,United States,Rhode Island,Providence,-5,160,0,2366092,default
41.752956,-71.7251,United States,Rhode Island,Providence,-5,165,0,2366093,default
41.77069,-71.71765,United States,Rhode Island,Providence,-5,195,0,2366094,default
41.788437,-71.710205,United States,Rhode Island,Providence,-5,202,0,2366095,default
41.806168,-71.70276,United States,Rhode Island,Providence,-5,150,0,2366096,default
41.823914,-71.69531,United States,Rhode Island,Providence,-5,145,0,2366097,default
41.841644,-71.68787,United States,Rhode Island,Providence,-5,134,0,2366098,default
41.859386,-71.68042,United States,Rhode Island,Providence,-5,155,0,2366099,default
41.877117,-71.67294,United States,Rhode Island,Providence,-5,188,0,2366100,default
41.894855,-71.66547,United States,Rhode Island,Providence,-5,176,0,2366101,default
41.912598,-71.65799,United States,Rhode Island,Providence,-5,174,0,2366102,default
41.930332,-71.65051,United States,Rhode Island,Providence,-5,146,0,2366103,default
41.948067,-71.643005,United States,Rhode Island,Providence,-5,141,0,2366104,default
41.96581,-71.63553,United States,Rhode Island,Providence,-5,104,0,2366105,default
41.983543,-71.62805,United States,Rhode Island,Providence,-5,102,0,2366106,default
42.001278,-71.620544,United States,Rhode Island,Providence,-5,94,0,2366107,default
41.53455,-71.790344,United States,Rhode Island,Washington,-5,130,0,2366997,default
41.552284,-71.78296,United States,Rhode Island,Washington,-5,138,0,2366998,default
41.570026,-71.77557,United States,Rhode Island,Washington,-5,134,0,2366999,default
41.58777,-71.76816,United States,Rhode Island,Washington,-5,128,0,2367000,default
41.605503,-71.76074,United States,Rhode Island,Kent,-5,122,0,2367001,default
41.623245,-71.75333,United States,Rhode Island,Kent,-5,146,0,2367002,default
41.640984,-71.74591,United States,Rhode Island,Kent,-5,133,0,2367003,default
41.65872,-71.738495,United States,Rhode Island,Kent,-5,132,0,2367004,default
41.67646,-71.73108,United States,Rhode Island,Kent,-5,135,0,2367005,default
41.69419,-71.72363,United States,Rhode Island,Kent,-5,161,0,2367006,default
41.711933,-71.71622,United States,Rhode Island,Kent,-5,174,0,2367007,default
41.729668,-71.70877,United States,Rhode Island,Providence,-5,190,0,2367008,default
41.747402,-71.701324,United States,Rhode Island,Providence,-5,179,0,2367009,default
41.765137,-71.69388,United States,Rhode Island,Providence,-5,207,0,2367010,default
41.782875,-71.68643,United States,Rhode Island,Providence,-5,162,0,2367011,default
41.800617,-71.678986,United States,Rhode Island,Providence,-5,151,0,2367012,default
41.818344,-71.67151,United States,Rhode Island,Providence,-5,146,0,2367013,default
41.836086,-71.66406,United States,Rhode Island,Providence,-5,187,0,2367014,default
41.853817,-71.656586,United States,Rhode Island,Providence,-5,212,0,2367015,default
41.87155,-71.64911,United States,Rhode Island,Providence,-5,189,0,2367016,default
41.8893,-71.64163,United States,Rhode Island,Providence,-5,151,0,2367017,default
41.90703,-71.634155,United States,Rhode Island,Providence,-5,162,0,2367018,default
41.924767,-71.62665,United States,Rhode Island,Providence,-5,168,0,2367019,default
41.9425,-71.61917,United States,Rhode Island,Providence,-5,147,0,2367020,default
41.960236,-71.611694,United States,Rhode Island,Providence,-5,125,0,2367021,default
41.977966,-71.60419,United States,Rhode Island,Providence,-5,138,0,2367022,default
41.99571,-71.59668,United States,Rhode Island,Providence,-5,78,0,2367023,default
42.013435,-71.58917,United States,Rhode Island,Providence,-5,88,0,2367024,default
41.31617,-71.8551,United States,Rhode Island,Washington,-5,0,0,2367900,default
41.369377,-71.83307,United States,Rhode Island,Washington,-5,16,0,2367903,default
41.387123,-71.82568,United States,Rhode Island,Washington,-5,9,0,2367904,default
41.404854,-71.81833,United States,Rhode Island,Washington,-5,19,0,2367905,default
41.4758,-71.78882,United States,Rhode Island,Washington,-5,79,0,2367909,default
41.493546,-71.78143,United States,Rhode Island,Washington,-5,85,0,2367910,default
41.511276,-71.77405,United States,Rhode Island,Washington,-5,128,0,2367911,default
41.52902,-71.76666,United States,Rhode Island,Washington,-5,99,0,2367912,default
41.546753,-71.75925,United States,Rhode Island,Washington,-5,116,0,2367913,default
41.56449,-71.75183,United States,Rhode Island,Washington,-5,84,0,2367914,default
41.58223,-71.744446,United States,Rhode Island,Washington,-5,94,0,2367915,default
41.59996,-71.73703,United States,Rhode Island,Kent,-5,138,0,2367916,default
41.617702,-71.729614,United States,Rhode Island,Kent,-5,81,0,2367917,default
41.635433,-71.72217,United States,Rhode Island,Kent,-5,81,0,2367918,default
41.65317,-71.71475,United States,Rhode Island,Kent,-5,101,0,2367919,default
41.670902,-71.70734,United States,Rhode Island,Kent,-5,153,0,2367920,default
41.688644,-71.69989,United States,Rhode Island,Kent,-5,179,0,2367921,default
41.706375,-71.692444,United States,Rhode Island,Kent,-5,140,0,2367922,default
41.72411,-71.685,United States,Rhode Island,Kent,-5,170,0,2367923,default
41.74184,-71.67755,United States,Rhode Island,Providence,-5,98,0,2367924,default
41.759586,-71.670105,United States,Rhode Island,Providence,-5,183,0,2367925,default
41.777317,-71.66266,United States,Rhode Island,Providence,-5,177,0,2367926,default
41.79505,-71.65518,United States,Rhode Island,Providence,-5,146,0,2367927,default
41.812786,-71.647705,United States,Rhode Island,Providence,-5,119,0,2367928,default
41.830524,-71.64026,United States,Rhode Island,Providence,-5,160,0,2367929,default
41.84825,-71.63278,United States,Rhode Island,Providence,-5,149,0,2367930,default
41.865986,-71.625305,United States,Rhode Island,Providence,-5,120,0,2367931,default
41.883724,-71.6178,United States,Rhode Island,Providence,-5,131,0,2367932,default
41.90145,-71.61032,United States,Rhode Island,Providence,-5,161,0,2367933,default
41.91919,-71.602844,United States,Rhode Island,Providence,-5,183,0,2367934,default
41.93692,-71.59534,United States,Rhode Island,Providence,-5,168,0,2367935,default
41.95466,-71.58783,United States,Rhode Island,Providence,-5,141,0,2367936,default
41.97239,-71.58032,United States,Rhode Island,Providence,-5,104,0,2367937,default
41.99012,-71.572815,United States,Rhode Island,Providence,-5,115,0,2367938,default
42.007854,-71.56531,United States,Rhode Island,Providence,-5,130,0,2367939,default
41.328384,-71.82416,United States,Rhode Island,Washington,-5,0,0,2368813,default
41.346115,-71.81677,United States,Rhode Island,Washington,-5,22,0,2368814,default
41.363853,-71.80942,United States,Rhode Island,Washington,-5,22,0,2368815,default
41.381588,-71.80206,United States,Rhode Island,Washington,-5,35,0,2368816,default
41.39933,-71.79468,United States,Rhode Island,Washington,-5,20,0,2368817,default
41.41706,-71.78729,United States,Rhode Island,Washington,-5,22,0,2368818,default
41.4348,-71.77991,United States,Rhode Island,Washington,-5,17,0,2368819,default
41.452534,-71.77255,United States,Rhode Island,Washington,-5,59,0,2368820,default
41.47026,-71.76514,United States,Rhode Island,Washington,-5,47,0,2368821,default
41.488007,-71.75775,United States,Rhode Island,Washington,-5,94,0,2368822,default
41.50575,-71.75037,United States,Rhode Island,Washington,-5,74,0,2368823,default
41.523468,-71.74298,United States,Rhode Island,Washington,-5,71,0,2368824,default
41.54121,-71.735565,United States,Rhode Island,Washington,-5,63,0,2368825,default
41.558945,-71.72815,United States,Rhode Island,Washington,-5,116,0,2368826,default
41.576683,-71.72073,United States,Rhode Island,Washington,-5,62,0,2368827,default
41.59441,-71.71332,United States,Rhode Island,Washington,-5,51,0,2368828,default
41.61215,-71.70587,United States,Rhode Island,Kent,-5,85,0,2368829,default
41.629875,-71.698456,United States,Rhode Island,Kent,-5,144,0,2368830,default
41.64762,-71.69104,United States,Rhode Island,Kent,-5,167,0,2368831,default
41.665348,-71.68359,United States,Rhode Island,Kent,-5,177,0,2368832,default
41.68308,-71.67615,United States,Rhode Island,Kent,-5,183,0,2368833,default
41.70082,-71.6687,United States,Rhode Island,Kent,-5,150,0,2368834,default
41.718548,-71.661255,United States,Rhode Island,Kent,-5,120,0,2368835,default
41.736282,-71.65381,United States,Rhode Island,Providence,-5,74,0,2368836,default
41.75402,-71.64633,United States,Rhode Island,Providence,-5,129,0,2368837,default
41.771748,-71.638855,United States,Rhode Island,Providence,-5,82,0,2368838,default
41.78949,-71.63141,United States,Rhode Island,Providence,-5,131,0,2368839,default
41.807217,-71.62393,United States,Rhode Island,Providence,-5,140,0,2368840,default
41.824944,-71.616455,United States,Rhode Island,Providence,-5,174,0,2368841,default
41.842686,-71.60898,United States,Rhode Island,Providence,-5,133,0,2368842,default
41.860416,-71.6015,United States,Rhode Island,Providence,-5,98,0,2368843,default
41.878143,-71.593994,United States,Rhode Island,Providence,-5,120,0,2368844,default
41.895874,-71.58649,United States,Rhode Island,Providence,-5,123,0,2368845,default
41.9136,-71.57901,United States,Rhode Island,Providence,-5,115,0,2368846,default
41.931347,-71.5715,United States,Rhode Island,Providence,-5,130,0,2368847,default
41.949078,-71.563995,United States,Rhode Island,Providence,-5,143,0,2368848,default
41.96681,-71.55649,United States,Rhode Island,Providence,-5,121,0,2368849,default
41.98454,-71.54895,United States,Rhode Island,Providence,-5,95,0,2368850,default
42.002262,-71.54144,United States,Rhode Island,Providence,-5,110,0,2368851,default
41.34059,-71.79315,United States,Rhode Island,Washington,-5,4,0,2369721,default
41.358326,-71.7858,United States,Rhode Island,Washington,-5,29,0,2369722,default
41.376064,-71.77841,United States,Rhode Island,Washington,-5,16,0,2369723,default
41.393795,-71.77106,United States,Rhode Island,Washington,-5,12,0,2369724,default
41.411526,-71.76367,United States,Rhode Island,Washington,-5,41,0,2369725,default
41.429256,-71.75629,United States,Rhode Island,Washington,-5,26,0,2369726,default
41.44699,-71.74887,United States,Rhode Island,Washington,-5,44,0,2369727,default
41.46472,-71.741486,United States,Rhode Island,Washington,-5,77,0,2369728,default
41.482464,-71.73407,United States,Rhode Island,Washington,-5,105,0,2369729,default
41.500187,-71.726685,United States,Rhode Island,Washington,-5,44,0,2369730,default
41.517925,-71.71927,United States,Rhode Island,Washington,-5,80,0,2369731,default
41.535664,-71.71185,United States,Rhode Island,Washington,-5,48,0,2369732,default
41.5534,-71.70444,United States,Rhode Island,Washington,-5,58,0,2369733,default
41.571125,-71.69702,United States,Rhode Island,Washington,-5,61,0,2369734,default
41.58886,-71.689606,United States,Rhode Island,Washington,-5,104,0,2369735,default
41.606598,-71.68216,United States,Rhode Island,Kent,-5,122,0,2369736,default
41.624325,-71.67474,United States,Rhode Island,Kent,-5,149,0,2369737,default
41.642063,-71.6673,United States,Rhode Island,Kent,-5,163,0,2369738,default
41.659794,-71.65985,United States,Rhode Island,Kent,-5,136,0,2369739,default
41.67752,-71.652405,United States,Rhode Island,Kent,-5,181,0,2369740,default
41.695255,-71.64496,United States,Rhode Island,Kent,-5,121,0,2369741,default
41.712986,-71.63751,United States,Rhode Island,Kent,-5,72,0,2369742,default
41.730713,-71.630035,United States,Rhode Island,Providence,-5,54,0,2369743,default
41.748444,-71.62256,United States,Rhode Island,Providence,-5,74,0,2369744,default
41.766182,-71.61511,United States,Rhode Island,Providence,-5,137,0,2369745,default
41.783916,-71.607605,United States,Rhode Island,Providence,-5,102,0,2369746,default
41.801643,-71.60016,United States,Rhode Island,Providence,-5,80,0,2369747,default
41.81938,-71.59265,United States,Rhode Island,Providence,-5,90,0,2369748,default
41.83711,-71.585175,United States,Rhode Island,Providence,-5,90,0,2369749,default
41.854836,-71.5777,United States,Rhode Island,Providence,-5,109,0,2369750,default
41.872562,-71.57019,United States,Rhode Island,Providence,-5,109,0,2369751,default
41.890293,-71.56268,United States,Rhode Island,Providence,-5,117,0,2369752,default
41.908024,-71.555176,United States,Rhode Island,Providence,-5,106,0,2369753,default
41.925755,-71.54767,United States,Rhode Island,Providence,-5,91,0,2369754,default
41.94349,-71.54016,United States,Rhode Island,Providence,-5,105,0,2369755,default
41.961216,-71.53265,United States,Rhode Island,Providence,-5,127,0,2369756,default
41.978943,-71.525116,United States,Rhode Island,Providence,-5,139,0,2369757,default
41.99667,-71.51758,United States,Rhode Island,Providence,-5,73,0,2369758,default
42.014404,-71.51004,United States,Rhode Island,Providence,-5,48,0,2369759,default
41.335052,-71.76953,United States,Rhode Island,Washington,-5,0,0,2370625,default
41.352787,-71.76218,United States,Rhode Island,Washington,-5,7,0,2370626,default
41.37052,-71.75479,United States,Rhode Island,Washington,-5,26,0,2370627,default
41.388252,-71.747406,United States,Rhode Island,Washington,-5,47,0,2370628,default
41.40599,-71.74002,United States,Rhode Island,Washington,-5,54,0,2370629,default
41.42372,-71.732605,United States,Rhode Island,Washington,-5,27,0,2370630,default
41.44145,-71.72522,United States,Rhode Island,Washington,-5,52,0,2370631,default
41.45918,-71.717834,United States,Rhode Island,Washington,-5,28,0,2370632,default
41.476917,-71.71042,United States,Rhode Island,Washington,-5,25,0,2370633,default
41.494644,-71.703,United States,Rhode Island,Washington,-5,39,0,2370634,default
41.512375,-71.69559,United States,Rhode Island,Washington,-5,44,0,2370635,default
41.53011,-71.68817,United States,Rhode Island,Washington,-5,39,0,2370636,default
41.547848,-71.680756,United States,Rhode Island,Washington,-5,40,0,2370637,default
41.56557,-71.67334,United States,Rhode Island,Washington,-5,79,0,2370638,default
41.583294,-71.66589,United States,Rhode Island,Washington,-5,120,0,2370639,default
41.60104,-71.65845,United States,Rhode Island,Kent,-5,130,0,2370640,default
41.61876,-71.651,United States,Rhode Island,Kent,-5,143,0,2370641,default
41.6365,-71.643555,United States,Rhode Island,Kent,-5,127,0,2370642,default
41.65423,-71.63611,United States,Rhode Island,Kent,-5,134,0,2370643,default
41.67195,-71.62866,United States,Rhode Island,Kent,-5,145,0,2370644,default
41.68969,-71.621216,United States,Rhode Island,Kent,-5,67,0,2370645,default
41.70742,-71.61374,United States,Rhode Island,Kent,-5,62,0,2370646,default
41.725143,-71.60626,United States,Rhode Island,Kent,-5,60,0,2370647,default
41.74287,-71.598816,United States,Rhode Island,Providence,-5,106,0,2370648,default
41.76061,-71.59131,United States,Rhode Island,Providence,-5,88,0,2370649,default
41.77834,-71.58386,United States,Rhode Island,Providence,-5,65,0,2370650,default
41.796066,-71.576355,United States,Rhode Island,Providence,-5,116,0,2370651,default
41.813793,-71.56888,United States,Rhode Island,Providence,-5,83,0,2370652,default
41.831516,-71.56137,United States,Rhode Island,Providence,-5,97,0,2370653,default
41.84925,-71.553894,United States,Rhode Island,Providence,-5,131,0,2370654,default
41.86698,-71.54639,United States,Rhode Island,Providence,-5,110,0,2370655,default
41.884712,-71.53888,United States,Rhode Island,Providence,-5,97,0,2370656,default
41.902435,-71.53137,United States,Rhode Island,Providence,-5,71,0,2370657,default
41.920166,-71.523834,United States,Rhode Island,Providence,-5,109,0,2370658,default
41.93789,-71.51633,United States,Rhode Island,Providence,-5,105,0,2370659,default
41.955616,-71.50879,United States,Rhode Island,Providence,-5,138,0,2370660,default
41.973347,-71.50128,United States,Rhode Island,Providence,-5,133,0,2370661,default
41.99107,-71.49371,United States,Rhode Island,Providence,-5,88,0,2370662,default
42.008797,-71.486206,United States,Rhode Island,Providence,-5,45,0,2370663,default
41.329517,-71.74591,United States,Rhode Island,Washington,-5,0,0,2371526,default
41.347256,-71.738525,United States,Rhode Island,Washington,-5,2,0,2371527,default
41.36499,-71.73117,United States,Rhode Island,Washington,-5,34,0,2371528,default
41.38271,-71.723755,United States,Rhode Island,Washington,-5,45,0,2371529,default
41.400444,-71.71637,United States,Rhode Island,Washington,-5,56,0,2371530,default
41.418167,-71.708984,United States,Rhode Island,Washington,-5,20,0,2371531,default
41.4359,-71.70157,United States,Rhode Island,Washington,-5,63,0,2371532,default
41.453632,-71.69415,United States,Rhode Island,Washington,-5,26,0,2371533,default
41.47136,-71.68677,United States,Rhode Island,Washington,-5,23,0,2371534,default
41.489094,-71.67932,United States,Rhode Island,Washington,-5,41,0,2371535,default
41.506824,-71.671906,United States,Rhode Island,Washington,-5,61,0,2371536,default
41.52455,-71.66449,United States,Rhode Island,Washington,-5,74,0,2371537,default
41.542274,-71.65704,United States,Rhode Island,Washington,-5,94,0,2371538,default
41.56001,-71.64963,United States,Rhode Island,Washington,-5,141,0,2371539,default
41.57774,-71.64218,United States,Rhode Island,Washington,-5,109,0,2371540,default
41.59547,-71.634735,United States,Rhode Island,Washington,-5,120,0,2371541,default
41.613197,-71.62732,United States,Rhode Island,Kent,-5,132,0,2371542,default
41.630924,-71.61984,United States,Rhode Island,Kent,-5,122,0,2371543,default
41.64866,-71.6124,United States,Rhode Island,Kent,-5,100,0,2371544,default
41.66638,-71.60492,United States,Rhode Island,Kent,-5,64,0,2371545,default
41.684116,-71.59747,United States,Rhode Island,Kent,-5,54,0,2371546,default
41.70184,-71.59,United States,Rhode Island,Kent,-5,63,0,2371547,default
41.71957,-71.58252,United States,Rhode Island,Kent,-5,56,0,2371548,default
41.7373,-71.57504,United States,Rhode Island,Providence,-5,76,0,2371549,default
41.75503,-71.567566,United States,Rhode Island,Providence,-5,44,0,2371550,default
41.772755,-71.56006,United States,Rhode Island,Providence,-5,60,0,2371551,default
41.79048,-71.55258,United States,Rhode Island,Providence,-5,134,0,2371552,default
41.808205,-71.545105,United States,Rhode Island,Providence,-5,125,0,2371553,default
41.82594,-71.5376,United States,Rhode Island,Providence,-5,91,0,2371554,default
41.843655,-71.53009,United States,Rhode Island,Providence,-5,87,0,2371555,default
41.86138,-71.52258,United States,Rhode Island,Providence,-5,75,0,2371556,default
41.879112,-71.515076,United States,Rhode Island,Providence,-5,121,0,2371557,default
41.896835,-71.50754,United States,Rhode Island,Providence,-5,82,0,2371558,default
41.914574,-71.5,United States,Rhode Island,Providence,-5,71,0,2371559,default
41.932285,-71.49249,United States,Rhode Island,Providence,-5,120,0,2371560,default
41.95002,-71.484955,United States,Rhode Island,Providence,-5,111,0,2371561,default
41.967747,-71.47742,United States,Rhode Island,Providence,-5,96,0,2371562,default
41.985462,-71.46988,United States,Rhode Island,Providence,-5,72,0,2371563,default
42.003193,-71.46234,United States,Rhode Island,Providence,-5,101,0,2371564,default
41.341705,-71.714935,United States,Rhode Island,Washington,-5,0,0,2372426,default
41.359432,-71.70752,United States,Rhode Island,Washington,-5,0,0,2372427,default
41.37716,-71.700134,United States,Rhode Island,Washington,-5,29,0,2372428,default
41.394894,-71.69275,United States,Rhode Island,Washington,-5,28,0,2372429,default
41.412617,-71.68533,United States,Rhode Island,Washington,-5,23,0,2372430,default
41.430344,-71.67792,United States,Rhode Island,Washington,-5,26,0,2372431,default
41.448082,-71.67053,United States,Rhode Island,Washington,-5,31,0,2372432,default
41.46581,-71.663086,United States,Rhode Island,Washington,-5,36,0,2372433,default
41.483532,-71.65567,United States,Rhode Island,Washington,-5,31,0,2372434,default
41.50126,-71.648254,United States,Rhode Island,Washington,-5,63,0,2372435,default
41.518986,-71.64081,United States,Rhode Island,Washington,-5,59,0,2372436,default
41.536716,-71.63336,United States,Rhode Island,Washington,-5,67,0,2372437,default
41.554443,-71.625916,United States,Rhode Island,Washington,-5,103,0,2372438,default
41.57217,-71.6185,United States,Rhode Island,Washington,-5,134,0,2372439,default
41.589893,-71.61102,United States,Rhode Island,Washington,-5,130,0,2372440,default
41.607628,-71.60358,United States,Rhode Island,Kent,-5,129,0,2372441,default
41.625355,-71.59613,United States,Rhode Island,Kent,-5,121,0,2372442,default
41.64308,-71.588684,United States,Rhode Island,Kent,-5,67,0,2372443,default
41.66081,-71.58121,United States,Rhode Island,Kent,-5,60,0,2372444,default
41.678535,-71.57373,United States,Rhode Island,Kent,-5,64,0,2372445,default
41.69626,-71.56625,United States,Rhode Island,Kent,-5,51,0,2372446,default
41.713985,-71.55878,United States,Rhode Island,Kent,-5,64,0,2372447,default
41.73171,-71.5513,United States,Rhode Island,Providence,-5,69,0,2372448,default
41.74945,-71.54379,United States,Rhode Island,Providence,-5,27,0,2372449,default
41.76716,-71.536316,United States,Rhode Island,Providence,-5,94,0,2372450,default
41.784893,-71.52881,United States,Rhode Island,Providence,-5,108,0,2372451,default
41.802616,-71.5213,United States,Rhode Island,Providence,-5,99,0,2372452,default
41.820343,-71.513794,United States,Rhode Island,Providence,-5,79,0,2372453,default
41.838066,-71.50629,United States,Rhode Island,Providence,-5,59,0,2372454,default
41.85579,-71.49878,United States,Rhode Island,Providence,-5,72,0,2372455,default
41.873512,-71.49124,United States,Rhode Island,Providence,-5,67,0,2372456,default
41.89124,-71.483734,United States,Rhode Island,Providence,-5,42,0,2372457,default
41.908966,-71.4762,United States,Rhode Island,Providence,-5,120,0,2372458,default
41.926685,-71.46866,United States,Rhode Island,Providence,-5,129,0,2372459,default
41.944412,-71.46112,United States,Rhode Island,Providence,-5,112,0,2372460,default
41.962128,-71.45358,United States,Rhode Island,Providence,-5,91,0,2372461,default
41.97986,-71.446045,United States,Rhode Island,Providence,-5,83,0,2372462,default
41.99758,-71.43848,United States,Rhode Island,Providence,-5,90,0,2372463,default
42.015305,-71.43091,United States,Rhode Island,Providence,-5,104,0,2372464,default
41.353878,-71.68393,United States,Rhode Island,Washington,-5,0,0,2373324,default
41.371613,-71.67651,United States,Rhode Island,Washington,-5,1,0,2373325,default
41.389336,-71.6691,United States,Rhode Island,Washington,-5,19,0,2373326,default
41.407055,-71.66168,United States,Rhode Island,Washington,-5,28,0,2373327,default
41.424786,-71.6543,United States,Rhode Island,Washington,-5,32,0,2373328,default
41.442513,-71.64685,United States,Rhode Island,Washington,-5,50,0,2373329,default
41.460247,-71.639435,United States,Rhode Island,Washington,-5,59,0,2373330,default
41.47797,-71.63202,United States,Rhode Island,Washington,-5,97,0,2373331,default
41.495686,-71.62457,United States,Rhode Island,Washington,-5,67,0,2373332,default
41.513424,-71.61713,United States,Rhode Island,Washington,-5,59,0,2373333,default
41.531147,-71.60968,United States,Rhode Island,Washington,-5,103,0,2373334,default
41.54887,-71.602234,United States,Rhode Island,Washington,-5,98,0,2373335,default
41.566597,-71.59479,United States,Rhode Island,Washington,-5,98,0,2373336,default
41.584328,-71.58734,United States,Rhode Island,Washington,-5,146,0,2373337,default
41.602047,-71.579895,United States,Rhode Island,Kent,-5,107,0,2373338,default
41.619774,-71.57242,United States,Rhode Island,Kent,-5,92,0,2373339,default
41.6375,-71.56494,United States,Rhode Island,Kent,-5,124,0,2373340,default
41.65522,-71.557465,United States,Rhode Island,Kent,-5,80,0,2373341,default
41.672955,-71.54999,United States,Rhode Island,Kent,-5,76,0,2373342,default
41.690678,-71.54251,United States,Rhode Island,Kent,-5,48,0,2373343,default
41.7084,-71.535034,United States,Rhode Island,Kent,-5,41,0,2373344,default
41.726124,-71.52753,United States,Rhode Island,Kent,-5,66,0,2373345,default
41.743847,-71.52005,United States,Rhode Island,Providence,-5,34,0,2373346,default
41.761566,-71.51254,United States,Rhode Island,Providence,-5,63,0,2373347,default
41.779293,-71.505035,United States,Rhode Island,Providence,-5,83,0,2373348,default
41.79702,-71.49753,United States,Rhode Island,Providence,-5,68,0,2373349,default
41.814743,-71.49002,United States,Rhode Island,Providence,-5,51,0,2373350,default
41.83246,-71.48248,United States,Rhode Island,Providence,-5,22,0,2373351,default
41.850193,-71.474976,United States,Rhode Island,Providence,-5,21,0,2373352,default
41.86791,-71.46747,United States,Rhode Island,Providence,-5,16,0,2373353,default
41.885635,-71.4599,United States,Rhode Island,Providence,-5,52,0,2373354,default
41.90336,-71.45239,United States,Rhode Island,Providence,-5,60,0,2373355,default
41.92108,-71.444824,United States,Rhode Island,Providence,-5,72,0,2373356,default
41.938805,-71.43732,United States,Rhode Island,Providence,-5,74,0,2373357,default
41.95653,-71.42975,United States,Rhode Island,Providence,-5,47,0,2373358,default
41.974243,-71.42218,United States,Rhode Island,Providence,-5,76,0,2373359,default
41.99197,-71.41464,United States,Rhode Island,Providence,-5,90,0,2373360,default
42.00969,-71.407074,United States,Rhode Island,Providence,-5,69,0,2373361,default
41.366047,-71.65289,United States,Rhode Island,Washington,-5,0,0,2374220,default
41.383774,-71.64548,United States,Rhode Island,Washington,-5,7,0,2374221,default
41.4015,-71.63806,United States,Rhode Island,Washington,-5,19,0,2374222,default
41.41922,-71.630646,United States,Rhode Island,Washington,-5,33,0,2374223,default
41.436947,-71.62323,United States,Rhode Island,Washington,-5,39,0,2374224,default
41.454674,-71.61578,United States,Rhode Island,Washington,-5,38,0,2374225,default
41.472397,-71.60834,United States,Rhode Island,Washington,-5,38,0,2374226,default
41.49012,-71.60089,United States,Rhode Island,Washington,-5,37,0,2374227,default
41.507847,-71.593475,United States,Rhode Island,Washington,-5,47,0,2374228,default
41.52557,-71.58603,United States,Rhode Island,Washington,-5,50,0,2374229,default
41.543297,-71.57855,United States,Rhode Island,Washington,-5,50,0,2374230,default
41.56102,-71.571106,United States,Rhode Island,Washington,-5,85,0,2374231,default
41.578747,-71.56366,United States,Rhode Island,Washington,-5,78,0,2374232,default
41.596466,-71.55618,United States,Rhode Island,Washington,-5,85,0,2374233,default
41.614193,-71.548706,United States,Rhode Island,Kent,-5,93,0,2374234,default
41.631912,-71.54123,United States,Rhode Island,Kent,-5,92,0,2374235,default
41.64964,-71.53375,United States,Rhode Island,Kent,-5,74,0,2374236,default
41.667355,-71.526276,United States,Rhode Island,Kent,-5,64,0,2374237,default
41.685078,-71.5188,United States,Rhode Island,Kent,-5,58,0,2374238,default
41.702805,-71.51129,United States,Rhode Island,Kent,-5,55,0,2374239,default
41.720524,-71.503784,United States,Rhode Island,Kent,-5,45,0,2374240,default
41.73825,-71.49628,United States,Rhode Island,Providence,-5,48,0,2374241,default
41.75597,-71.48877,United States,Rhode Island,Providence,-5,26,0,2374242,default
41.77369,-71.48126,United States,Rhode Island,Providence,-5,12,0,2374243,default
41.791405,-71.473755,United States,Rhode Island,Providence,-5,13,0,2374244,default
41.80913,-71.46625,United States,Rhode Island,Providence,-5,6,0,2374245,default
41.826855,-71.45871,United States,Rhode Island,Providence,-5,38,0,2374246,default
41.844585,-71.45117,United States,Rhode Island,Providence,-5,8,0,2374247,default
41.862297,-71.443665,United States,Rhode Island,Providence,-5,17,0,2374248,default
41.880024,-71.4361,United States,Rhode Island,Providence,-5,20,0,2374249,default
41.897743,-71.42859,United States,Rhode Island,Providence,-5,43,0,2374250,default
41.915462,-71.42102,United States,Rhode Island,Providence,-5,33,0,2374251,default
41.933186,-71.41348,United States,Rhode Island,Providence,-5,15,0,2374252,default
41.950916,-71.405914,United States,Rhode Island,Providence,-5,59,0,2374253,default
41.968628,-71.39838,United States,Rhode Island,Providence,-5,77,0,2374254,default
41.986343,-71.39081,United States,Rhode Island,Providence,-5,59,0,2374255,default
42.00407,-71.38324,United States,Rhode Island,Providence,-5,60,0,2374256,default
41.36049,-71.62927,United States,Rhode Island,Washington,-5,0,0,2375114,default
41.37821,-71.62186,United States,Rhode Island,Washington,-5,5,0,2375115,default
41.395927,-71.61444,United States,Rhode Island,Washington,-5,10,0,2375116,default
41.413647,-71.606995,United States,Rhode Island,Washington,-5,48,0,2375117,default
41.431377,-71.59958,United States,Rhode Island,Washington,-5,36,0,2375118,default
41.449097,-71.59213,United States,Rhode Island,Washington,-5,56,0,2375119,default
41.46682,-71.58469,United States,Rhode Island,Washington,-5,60,0,2375120,default
41.48454,-71.57727,United States,Rhode Island,Washington,-5,33,0,2375121,default
41.502262,-71.56979,United States,Rhode Island,Washington,-5,56,0,2375122,default
41.51999,-71.56235,United States,Rhode Island,Washington,-5,47,0,2375123,default
41.537712,-71.55487,United States,Rhode Island,Washington,-5,74,0,2375124,default
41.55543,-71.547424,United States,Rhode Island,Washington,-5,79,0,2375125,default
41.57316,-71.53995,United States,Rhode Island,Washington,-5,53,0,2375126,default
41.590874,-71.53247,United States,Rhode Island,Washington,-5,67,0,2375127,default
41.6086,-71.524994,United States,Rhode Island,Kent,-5,68,0,2375128,default
41.62632,-71.51752,United States,Rhode Island,Kent,-5,76,0,2375129,default
41.644047,-71.51004,United States,Rhode Island,Kent,-5,52,0,2375130,default
41.66177,-71.50256,United States,Rhode Island,Kent,-5,48,0,2375131,default
41.679485,-71.495056,United States,Rhode Island,Kent,-5,61,0,2375132,default
41.6972,-71.48755,United States,Rhode Island,Kent,-5,83,0,2375133,default
41.71493,-71.48004,United States,Rhode Island,Kent,-5,22,0,2375134,default
41.732643,-71.472534,United States,Rhode Island,Providence,-5,27,0,2375135,default
41.750366,-71.46503,United States,Rhode Island,Providence,-5,10,0,2375136,default
41.768085,-71.45752,United States,Rhode Island,Providence,-5,24,0,2375137,default
41.785805,-71.44998,United States,Rhode Island,Providence,-5,0,0,2375138,default
41.803528,-71.442474,United States,Rhode Island,Providence,-5,2,0,2375139,default
41.821247,-71.43494,United States,Rhode Island,Providence,-5,0,0,2375140,default
41.83897,-71.4274,United States,Rhode Island,Providence,-5,0,0,2375141,default
41.856686,-71.41986,United States,Rhode Island,Providence,-5,0,0,2375142,default
41.874413,-71.41232,United States,Rhode Island,Providence,-5,24,0,2375143,default
41.892128,-71.404785,United States,Rhode Island,Providence,-5,3,0,2375144,default
41.909843,-71.39722,United States,Rhode Island,Providence,-5,12,0,2375145,default
41.927567,-71.38965,United States,Rhode Island,Providence,-5,-1,0,2375146,default
41.945286,-71.38208,United States,Rhode Island,Providence,-5,35,0,2375147,default
41.37263,-71.598236,United States,Rhode Island,Washington,-5,0,0,2376008,default
41.390358,-71.59082,United States,Rhode Island,Washington,-5,23,0,2376009,default
41.408077,-71.583374,United States,Rhode Island,Washington,-5,20,0,2376010,default
41.4258,-71.57593,United States,Rhode Island,Washington,-5,70,0,2376011,default
41.44352,-71.56848,United States,Rhode Island,Washington,-5,33,0,2376012,default
41.46124,-71.561035,United States,Rhode Island,Washington,-5,30,0,2376013,default
41.478962,-71.55359,United States,Rhode Island,Washington,-5,38,0,2376014,default
41.49668,-71.54614,United States,Rhode Island,Washington,-5,36,0,2376015,default
41.514404,-71.5387,United States,Rhode Island,Washington,-5,33,0,2376016,default
41.532124,-71.53122,United States,Rhode Island,Washington,-5,79,0,2376017,default
41.549847,-71.52374,United States,Rhode Island,Washington,-5,63,0,2376018,default
41.56757,-71.516266,United States,Rhode Island,Washington,-5,61,0,2376019,default
41.585278,-71.50879,United States,Rhode Island,Washington,-5,44,0,2376020,default
41.603004,-71.50131,United States,Rhode Island,Kent,-5,40,0,2376021,default
41.620728,-71.493835,United States,Rhode Island,Kent,-5,14,0,2376022,default
41.638447,-71.48633,United States,Rhode Island,Kent,-5,15,0,2376023,default
41.656162,-71.47882,United States,Rhode Island,Kent,-5,13,0,2376024,default
41.67388,-71.47131,United States,Rhode Island,Kent,-5,15,0,2376025,default
41.6916,-71.463806,United States,Rhode Island,Kent,-5,26,0,2376026,default
41.70932,-71.4563,United States,Rhode Island,Kent,-5,-3,0,2376027,default
41.727047,-71.44879,United States,Rhode Island,Kent,-5,2,0,2376028,default
41.744755,-71.441284,United States,Rhode Island,Kent,-5,0,0,2376029,default
41.762474,-71.43375,United States,Rhode Island,Providence,-5,-4,0,2376030,default
41.780193,-71.42621,United States,Rhode Island,Providence,-5,-7,0,2376031,default
41.797913,-71.4187,United States,Rhode Island,Providence,-5,-8,0,2376032,default
41.81563,-71.41116,United States,Rhode Island,Providence,-5,0,0,2376033,default
41.833355,-71.403625,United States,Rhode Island,Providence,-5,-9,0,2376034,default
41.85107,-71.39606,United States,Rhode Island,Providence,-5,22,0,2376035,default
41.86878,-71.38852,United States,Rhode Island,Providence,-5,26,0,2376036,default
41.886505,-71.38098,United States,Rhode Island,Providence,-5,6,0,2376037,default
41.384777,-71.5672,United States,Rhode Island,Washington,-5,0,0,2376901,default
41.402496,-71.55975,United States,Rhode Island,Washington,-5,17,0,2376902,default
41.420216,-71.55231,United States,Rhode Island,Washington,-5,43,0,2376903,default
41.43794,-71.54486,United States,Rhode Island,Washington,-5,38,0,2376904,default
41.45566,-71.537415,United States,Rhode Island,Washington,-5,43,0,2376905,default
41.47338,-71.52994,United States,Rhode Island,Washington,-5,52,0,2376906,default
41.49109,-71.52249,United States,Rhode Island,Washington,-5,71,0,2376907,default
41.508812,-71.515015,United States,Rhode Island,Washington,-5,78,0,2376908,default
41.52653,-71.50754,United States,Rhode Island,Washington,-5,84,0,2376909,default
41.54425,-71.50006,United States,Rhode Island,Washington,-5,50,0,2376910,default
41.56197,-71.492584,United States,Rhode Island,Washington,-5,31,0,2376911,default
41.579685,-71.48511,United States,Rhode Island,Washington,-5,16,0,2376912,default
41.597404,-71.4776,United States,Rhode Island,Washington,-5,4,0,2376913,default
41.615116,-71.47012,United States,Rhode Island,Washington,-5,4,0,2376914,default
41.63284,-71.462616,United States,Rhode Island,Washington,-5,3,0,2376915,default
41.65056,-71.45511,United States,Rhode Island,Kent,-5,-1,0,2376916,default
41.668274,-71.4476,United States,Rhode Island,Kent,-5,-3,0,2376917,default
41.70371,-71.43259,United States,Rhode Island,Kent,-5,-19,0,2376919,default
41.72143,-71.42505,United States,Rhode Island,Kent,-5,-2,0,2376920,default
41.739143,-71.41754,United States,Rhode Island,Kent,-5,-5,0,2376921,default
41.75686,-71.41,United States,Rhode Island,Kent,-5,-1,0,2376922,default
41.77458,-71.402466,United States,Rhode Island,Providence,-5,-3,0,2376923,default
41.792294,-71.39493,United States,Rhode Island,Providence,-5,-7,0,2376924,default
41.810013,-71.38739,United States,Rhode Island,Providence,-5,-2,0,2376925,default
41.86316,-71.364746,United States,Rhode Island,Providence,-5,-20,0,2376928,default
41.88087,-71.35718,United States,Rhode Island,Providence,-5,0,0,2376929,default
41.379192,-71.54358,United States,Rhode Island,Washington,-5,0,0,2377793,default
41.396908,-71.53613,United States,Rhode Island,Washington,-5,10,0,2377794,default
41.414627,-71.52869,United States,Rhode Island,Washington,-5,9,0,2377795,default
41.432343,-71.52124,United States,Rhode Island,Washington,-5,43,0,2377796,default
41.45006,-71.51376,United States,Rhode Island,Washington,-5,41,0,2377797,default
41.46778,-71.50629,United States,Rhode Island,Washington,-5,39,0,2377798,default
41.485508,-71.49884,United States,Rhode Island,Washington,-5,41,0,2377799,default
41.503216,-71.49136,United States,Rhode Island,Washington,-5,69,0,2377800,default
41.52093,-71.48389,United States,Rhode Island,Washington,-5,55,0,2377801,default
41.538647,-71.47638,United States,Rhode Island,Washington,-5,65,0,2377802,default
41.556362,-71.4689,United States,Rhode Island,Washington,-5,-1,0,2377803,default
41.57408,-71.461426,United States,Rhode Island,Washington,-5,-3,0,2377804,default
41.5918,-71.45392,United States,Rhode Island,Washington,-5,0,0,2377805,default
41.609516,-71.44641,United States,Rhode Island,Washington,-5,-11,0,2377806,default
41.62723,-71.4389,United States,Rhode Island,Washington,-5,-7,0,2377807,default
41.64495,-71.4314,United States,Rhode Island,Washington,-5,9,0,2377808,default
41.662666,-71.42389,United States,Rhode Island,Kent,-5,-6,0,2377809,default
41.69809,-71.408844,United States,Rhode Island,Kent,-5,-20,0,2377811,default
41.715813,-71.401306,United States,Rhode Island,Kent,-5,-8,0,2377812,default
41.73352,-71.3938,United States,Rhode Island,Kent,-5,-4,0,2377813,default
41.751244,-71.38626,United States,Rhode Island,Kent,-5,-15,0,2377814,default
41.804382,-71.36362,United States,Rhode Island,Providence,-5,-14,0,2377817,default
41.8221,-71.35608,United States,Rhode Island,Providence,-5,8,0,2377818,default
41.83981,-71.34851,United States,Rhode Island,Providence,-5,-5,0,2377819,default
41.85752,-71.34094,United States,Rhode Island,Providence,-5,-1,0,2377820,default
41.161,-71.60907,United States,Rhode Island,Washington,-5,0,0,2378674,default
41.17872,-71.601685,United States,Rhode Island,Washington,-5,1,0,2378675,default
41.391327,-71.51251,United States,Rhode Island,Washington,-5,0,0,2378687,default
41.409035,-71.505066,United States,Rhode Island,Washington,-5,0,0,2378688,default
41.426758,-71.49759,United States,Rhode Island,Washington,-5,0,0,2378689,default
41.44447,-71.49011,United States,Rhode Island,Washington,-5,9,0,2378690,default
41.462177,-71.482666,United States,Rhode Island,Washington,-5,16,0,2378691,default
41.479893,-71.47519,United States,Rhode Island,Washington,-5,29,0,2378692,default
41.497616,-71.46771,United States,Rhode Island,Washington,-5,34,0,2378693,default
41.515335,-71.460205,United States,Rhode Island,Washington,-5,49,0,2378694,default
41.533043,-71.45273,United States,Rhode Island,Washington,-5,41,0,2378695,default
41.55076,-71.44525,United States,Rhode Island,Washington,-5,12,0,2378696,default
41.586185,-71.43024,United States,Rhode Island,Washington,-5,-20,0,2378698,default
41.6039,-71.42273,United States,Rhode Island,Washington,-5,-9,0,2378699,default
41.62162,-71.41522,United States,Rhode Island,Washington,-5,-10,0,2378700,default
41.69247,-71.38513,United States,Rhode Island,Kent,-5,-20,0,2378704,default
41.710186,-71.377594,United States,Rhode Island,Kent,-5,-8,0,2378705,default
41.763325,-71.35498,United States,Rhode Island,Providence,-5,-20,0,2378708,default
41.78104,-71.34741,United States,Rhode Island,Providence,-5,-16,0,2378709,default
41.15543,-71.58554,United States,Rhode Island,Washington,-5,0,0,2379567,default
41.173145,-71.578125,United States,Rhode Island,Washington,-5,0,0,2379568,default
41.190865,-71.57074,United States,Rhode Island,Washington,-5,1,0,2379569,default
41.208572,-71.56329,United States,Rhode Island,Washington,-5,1,0,2379570,default
41.385723,-71.48889,United States,Rhode Island,Washington,-5,0,0,2379580,default
41.403442,-71.481445,United States,Rhode Island,Washington,-5,0,0,2379581,default
41.421154,-71.47397,United States,Rhode Island,Washington,-5,19,0,2379582,default
41.438866,-71.46649,United States,Rhode Island,Washington,-5,28,0,2379583,default
41.45658,-71.459015,United States,Rhode Island,Washington,-5,33,0,2379584,default
41.474297,-71.45154,United States,Rhode Island,Washington,-5,1,0,2379585,default
41.492004,-71.44403,United States,Rhode Island,Washington,-5,40,0,2379586,default
41.509724,-71.436554,United States,Rhode Island,Washington,-5,22,0,2379587,default
41.527435,-71.42908,United States,Rhode Island,Washington,-5,-18,0,2379588,default
41.73999,-71.338776,United States,Rhode Island,Bristol,-5,-20,0,2379600,default
41.757694,-71.33124,United States,Rhode Island,Bristol,-5,-20,0,2379601,default
41.775406,-71.32367,United States,Rhode Island,Providence,-5,-11,0,2379602,default
41.167557,-71.554596,United States,Rhode Island,Washington,-5,1,0,2380461,default
41.45097,-71.435394,United States,Rhode Island,Washington,-5,0,0,2380477,default
41.734344,-71.31503,United States,Rhode Island,Bristol,-5,-20,0,2380493,default
41.752052,-71.307495,United States,Rhode Island,Bristol,-5,-13,0,2380494,default
41.480778,-71.39676,United States,Rhode Island,Newport,-5,-20,0,2381372,default
41.5162,-71.381744,United States,Rhode Island,Newport,-5,-20,0,2381374,default
41.53391,-71.37424,United States,Rhode Island,Newport,-5,0,0,2381375,default
41.55162,-71.36673,United States,Rhode Island,Newport,-5,8,0,2381376,default
41.58141,-71.328,United States,Rhode Island,Newport,-5,-20,0,2382271,default
41.599113,-71.320465,United States,Rhode Island,Newport,-5,-6,0,2382272,default
41.61681,-71.31293,United States,Rhode Island,Newport,-5,19,0,2382273,default
41.669937,-71.29028,United States,Rhode Island,Bristol,-5,-19,0,2382276,default
41.687645,-71.282715,United States,Rhode Island,Bristol,-5,-12,0,2382277,default
41.705345,-71.27515,United States,Rhode Island,Bristol,-5,1,0,2382278,default
41.72305,-71.26758,United States,Rhode Island,Bristol,-5,7,0,2382279,default
41.74076,-71.26001,United States,Rhode Island,Bristol,-5,-13,0,2382280,default
41.45182,-71.356995,United States,Rhode Island,Newport,-5,-20,0,2383156,default
41.469532,-71.34949,United States,Rhode Island,Newport,-5,-12,0,2383157,default
41.664295,-71.26657,United States,Rhode Island,Bristol,-5,-20,0,2383168,default
41.682,-71.259,United States,Rhode Island,Bristol,-5,-14,0,2383169,default
41.717407,-71.243866,United States,Rhode Island,Bristol,-5,-1,0,2383171,default
41.463905,-71.32587,United States,Rhode Island,Newport,-5,-20,0,2384050,default
41.4816,-71.31836,United States,Rhode Island,Newport,-5,-16,0,2384051,default
41.499306,-71.31082,United States,Rhode Island,Newport,-5,-20,0,2384052,default
41.51701,-71.30328,United States,Rhode Island,Newport,-5,-4,0,2384053,default
41.53471,-71.295746,United States,Rhode Island,Newport,-5,12,0,2384054,default
41.552414,-71.28821,United States,Rhode Island,Newport,-5,30,0,2384055,default
41.57012,-71.28067,United States,Rhode Island,Newport,-5,24,0,2384056,default
41.58782,-71.27313,United States,Rhode Island,Newport,-5,21,0,2384057,default
41.605522,-71.265564,United States,Rhode Island,Newport,-5,23,0,2384058,default
41.623226,-71.257996,United States,Rhode Island,Newport,-5,-8,0,2384059,default
41.493664,-71.28717,United States,Rhode Island,Newport,-5,-20,0,2384947,default
41.511368,-71.27963,United States,Rhode Island,Newport,-5,-20,0,2384948,default
41.529068,-71.272095,United States,Rhode Island,Newport,-5,-20,0,2384949,default
41.54677,-71.26456,United States,Rhode Island,Newport,-5,40,0,2384950,default
41.564476,-71.25702,United States,Rhode Island,Newport,-5,35,0,2384951,default
41.582172,-71.24945,United States,Rhode Island,Newport,-5,66,0,2384952,default
41.635277,-71.226746,United States,Rhode Island,Newport,-5,-19,0,2384955,default
41.50572,-71.25601,United States,Rhode Island,Newport,-5,-19,0,2385842,default
41.523422,-71.248474,United States,Rhode Island,Newport,-5,8,0,2385843,default
41.541126,-71.240906,United States,Rhode Island,Newport,-5,13,0,2385844,default
41.611916,-71.21063,United States,Rhode Island,Newport,-5,-20,0,2385848,default
41.629616,-71.203064,United States,Rhode Island,Newport,-5,-2,0,2385849,default
41.647316,-71.195496,United States,Rhode Island,Newport,-5,16,0,2385850,default
41.66502,-71.18793,United States,Rhode Island,Newport,-5,51,0,2385851,default
41.55316,-71.20969,United States,Rhode Island,Newport,-5,-20,0,2386739,default
41.57086,-71.20212,United States,Rhode Island,Newport,-5,-11,0,2386740,default
41.58855,-71.19455,United States,Rhode Island,Newport,-5,-7,0,2386741,default
41.60625,-71.18698,United States,Rhode Island,Newport,-5,0,0,2386742,default
41.62395,-71.17938,United States,Rhode Island,Newport,-5,24,0,2386743,default
41.641647,-71.171814,United States,Rhode Island,Newport,-5,24,0,2386744,default
41.659348,-71.164215,United States,Rhode Island,Newport,-5,54,0,2386745,default
41.5121,-71.20117,United States,Rhode Island,Newport,-5,-20,0,2387630,default
41.529804,-71.1936,United States,Rhode Island,Newport,-5,-15,0,2387631,default
41.547497,-71.186035,United States,Rhode Island,Newport,-5,4,0,2387632,default
41.56519,-71.17847,United States,Rhode Island,Newport,-5,13,0,2387633,default
41.582893,-71.1709,United States,Rhode Island,Newport,-5,4,0,2387634,default
41.600586,-71.16333,United States,Rhode Island,Newport,-5,20,0,2387635,default
41.618282,-71.15573,United States,Rhode Island,Newport,-5,18,0,2387636,default
41.635975,-71.14813,United States,Rhode Island,Newport,-5,53,0,2387637,default
41.65367,-71.14053,United States,Rhode Island,Newport,-5,43,0,2387638,default
41.471046,-71.19269,United States,Rhode Island,Newport,-5,-19,0,2388521,default
41.488743,-71.18512,United States,Rhode Island,Newport,-5,-19,0,2388522,default
41.506435,-71.17755,United States,Rhode Island,Newport,-5,-10,0,2388523,default
41.524128,-71.16998,United States,Rhode Island,Newport,-5,0,0,2388524,default
41.54183,-71.162415,United States,Rhode Island,Newport,-5,3,0,2388525,default
41.55952,-71.154816,United States,Rhode Island,Newport,-5,11,0,2388526,default
41.57721,-71.14725,United States,Rhode Island,Newport,-5,14,0,2388527,default
41.594917,-71.13965,United States,Rhode Island,Newport,-5,4,0,2388528,default
41.48307,-71.1615,United States,Rhode Island,Newport,-5,-20,0,2389414,default
41.50076,-71.15393,United States,Rhode Island,Newport,-5,-9,0,2389415,default
41.518467,-71.14636,United States,Rhode Island,Newport,-5,-3,0,2389416,default
41.536148,-71.13876,United States,Rhode Island,Newport,-5,7,0,2389417,default
41.553844,-71.131165,United States,Rhode Island,Newport,-5,0,0,2389418,default
41.49509,-71.13031,United States,Rhode Island,Newport,-5,-20,0,2390308,default
41.512787,-71.12271,United States,Rhode Island,Newport,-5,-20,0,2390309,default
